{
 "Route": [       78,       78,       78,       78,       78 ],
"segmentId": [ "10338_to_10258_0", "31568_to_30464_0", "8939_to_31568_0", "10258_to_17842_0", "17842_to_8939_0" ],
"segmentIndex": [ 0, 0, 0, 0, 0 ],
"stopPathId": [ "10338_to_10258", "31568_to_30464", "8939_to_31568", "10258_to_17842", "17842_to_8939" ],
"numObservedTrips": [ 5, 1, 6, 5, 5 ],
"numCapturedTrips": [ 5, 0, 6, 5, 5 ],
"stopPathLength": [  406.966, 27414.71, 1505.641,  679.287,  556.653 ],
"speedPercentile10": [     7.85, null,    11.95,     9.42,    11.95 ],
"speedPercentile15": [     7.85, null,    11.95,     9.42,    11.95 ],
"speedPercentile20": [     8.32, null,    11.99,     9.48,    11.97 ],
"speedPercentile25": [      9.1, null,    12.03,     9.57,    11.99 ],
"speedPercentile30": [    10.04, null,    12.15,     9.69,    12.03 ],
"averageTravelSpeed": [    10.54, null,    15.68,     9.89,    12.53 ],
"speedPercentile50": [    11.21, null,    13.24,      9.8,    12.08 ],
"speedPercentile70": [    11.99, null,    20.65,    10.11,    12.86 ],
"speedPercentile75": [     12.1, null,    25.55,    10.25,    13.33 ],
"speedPercentile80": [    12.21, null,    33.33,     10.4,    13.82 ],
"speedPercentile85": [    12.28, null,    47.92,    10.49,    14.18 ],
"speedPercentile90": [    12.28, null,    51.11,    10.49,    14.18 ],
"speedMin": [     7.85, null,    11.95,     9.42,    11.95 ],
"speedMax": [    12.28, null,    51.11,    10.49,    14.18 ],
"geometry": [
 [ [ -75.1534, 39.95116 ],
[ -75.15812, 39.95173 ] ],
[ [ -75.18214, 39.95466 ],
[ -75.18113, 39.95452 ],
[ -75.18062, 39.95581 ],
[ -75.18038, 39.95626 ],
[ -75.1801, 39.95701 ],
[ -75.18002, 39.95762 ],
[ -75.18008, 39.95831 ],
[ -75.18031, 39.95912 ],
[ -75.18058, 39.95963 ],
[ -75.18053, 39.95983 ],
[ -75.18038, 39.95995 ],
[ -75.18017, 39.95998 ],
[ -75.17903, 39.95987 ],
[ -75.15871, 39.95732 ],
[ -75.15499, 39.95681 ],
[ -75.15406, 39.95676 ],
[ -75.15312, 39.95683 ],
[ -75.15207, 39.95706 ],
[ -75.15027, 39.95754 ],
[ -75.14952, 39.95764 ],
[ -75.14867, 39.95762 ],
[ -75.14719,  39.9574 ],
[ -75.14279, 39.95662 ],
[ -75.14219, 39.95663 ],
[ -75.14166, 39.95673 ],
[ -75.14101, 39.95702 ],
[ -75.14063, 39.95732 ],
[ -75.1404, 39.95764 ],
[ -75.14026, 39.95805 ],
[ -75.14006, 39.96028 ],
[ -75.13991, 39.96111 ],
[ -75.13958, 39.96177 ],
[ -75.13894,  39.9628 ],
[ -75.13801, 39.96401 ],
[  -75.137, 39.96504 ],
[ -75.13611, 39.96577 ],
[ -75.13522, 39.96629 ],
[ -75.13427, 39.96668 ],
[ -75.12817, 39.96857 ],
[ -75.12735, 39.96893 ],
[ -75.12645, 39.96947 ],
[ -75.12472, 39.97069 ],
[ -75.12268, 39.97202 ],
[ -75.11012, 39.97852 ],
[ -75.10894, 39.97899 ],
[ -75.10519, 39.98007 ],
[ -75.10431, 39.98039 ],
[ -75.09688, 39.98375 ],
[ -75.09434, 39.98499 ],
[ -75.08971, 39.98743 ],
[ -75.08874, 39.98809 ],
[ -75.08786, 39.98885 ],
[ -75.08723, 39.98955 ],
[ -75.08496, 39.99295 ],
[ -75.08134, 39.99789 ],
[ -75.07726, 40.00332 ],
[ -75.07566, 40.00514 ],
[ -75.07459, 40.00604 ],
[ -75.07358, 40.00675 ],
[ -75.07236, 40.00745 ],
[ -75.07102, 40.00809 ],
[ -75.07002, 40.00848 ],
[ -75.06899, 40.00878 ],
[ -75.06596, 40.00932 ],
[ -75.06473, 40.00963 ],
[ -75.06366,    40.01 ],
[ -75.06248, 40.01052 ],
[ -75.05704, 40.01346 ],
[ -75.04348, 40.02019 ],
[ -75.04213, 40.02075 ],
[ -75.03658, 40.02258 ],
[ -75.03508, 40.02302 ],
[ -75.03169, 40.02389 ],
[ -75.03077, 40.02421 ],
[ -75.02972, 40.02469 ],
[ -75.02546, 40.02699 ],
[ -75.02391, 40.02789 ],
[ -75.02324,  40.0284 ],
[ -75.02258, 40.02906 ],
[ -75.02209,  40.0297 ],
[ -75.02166, 40.03052 ],
[ -75.0209, 40.03231 ],
[ -75.02045, 40.03305 ],
[ -75.01989, 40.03373 ],
[ -75.01907, 40.03443 ],
[ -75.01828, 40.03493 ],
[ -75.01703, 40.03557 ],
[ -75.01514, 40.03635 ],
[ -75.00794, 40.03903 ],
[ -75.00686, 40.03954 ],
[ -75.00602, 40.04003 ],
[ -75.00515, 40.04065 ],
[ -75.00438, 40.04131 ],
[ -75.00339, 40.04245 ],
[ -75.00289, 40.04323 ],
[ -75.00166, 40.04553 ],
[ -75.00123, 40.04613 ],
[ -75.00054, 40.04689 ],
[ -74.99981,  40.0475 ],
[ -74.99888, 40.04811 ],
[ -74.99785, 40.04861 ],
[ -74.9968, 40.04898 ],
[ -74.99554, 40.04927 ],
[ -74.99274, 40.04984 ],
[ -74.99142, 40.05024 ],
[ -74.99026, 40.05068 ],
[ -74.98897,  40.0513 ],
[ -74.98775, 40.05207 ],
[ -74.98668, 40.05289 ],
[ -74.9859, 40.05363 ],
[ -74.98431, 40.05528 ],
[ -74.98356, 40.05616 ],
[ -74.9823, 40.05744 ],
[ -74.98136, 40.05824 ],
[ -74.98003, 40.05918 ],
[ -74.97878, 40.05989 ],
[ -74.96854, 40.06476 ],
[ -74.96692, 40.06571 ],
[ -74.96577, 40.06647 ],
[ -74.96427, 40.06729 ],
[ -74.96334, 40.06763 ],
[ -74.96136, 40.06807 ],
[ -74.96085, 40.06827 ],
[ -74.96052, 40.06852 ],
[ -74.96032, 40.06882 ],
[ -74.96027, 40.06914 ],
[ -74.96035, 40.06947 ],
[ -74.96231,  40.0721 ],
[ -74.96294, 40.07307 ],
[ -74.9633, 40.07398 ],
[ -74.96333, 40.07435 ],
[ -74.96323, 40.07457 ],
[ -74.96306, 40.07471 ],
[ -74.96282, 40.07476 ],
[ -74.96256, 40.07471 ],
[ -74.96228, 40.07455 ],
[ -74.96183, 40.07406 ],
[ -74.96178, 40.07388 ],
[ -74.96185, 40.07369 ],
[ -74.96196, 40.07359 ],
[ -74.96363, 40.07267 ],
[ -74.96387, 40.07267 ],
[ -74.96404, 40.07276 ],
[ -74.96472, 40.07351 ],
[ -74.96481, 40.07376 ],
[ -74.96478, 40.07396 ],
[ -74.96464, 40.07411 ],
[ -74.96442,  40.0742 ],
[ -74.96418, 40.07421 ],
[ -74.96394, 40.07411 ],
[ -74.96369, 40.07384 ],
[ -74.96223, 40.07172 ],
[ -74.96064, 40.06965 ],
[ -74.96048,  40.0693 ],
[ -74.96047, 40.06902 ],
[ -74.96059, 40.06873 ],
[ -74.96081,  40.0685 ],
[ -74.96112, 40.06833 ],
[ -74.96145, 40.06825 ],
[ -74.96177, 40.06828 ],
[ -74.96205, 40.06839 ],
[ -74.96224, 40.06858 ],
[ -74.96233, 40.06881 ],
[ -74.96229, 40.06904 ],
[ -74.96213, 40.06924 ],
[ -74.96115, 40.06978 ],
[ -74.95983, 40.07034 ],
[ -74.95939, 40.07044 ],
[ -74.95908, 40.07042 ],
[ -74.95884, 40.07031 ],
[ -74.95817, 40.06947 ],
[ -74.95855, 40.06929 ] ],
[ [ -75.17122, 39.95441 ],
[ -75.17305, 39.95463 ],
[ -75.17314, 39.95468 ],
[ -75.17958, 39.95549 ],
[ -75.18061, 39.95564 ],
[ -75.18067, 39.95568 ],
[ -75.18039, 39.95662 ],
[ -75.1805, 39.95679 ],
[ -75.1807, 39.95686 ],
[ -75.18258, 39.95711 ],
[ -75.18281, 39.95701 ],
[ -75.18289, 39.95686 ],
[ -75.18322, 39.95522 ],
[ -75.18335, 39.95482 ],
[ -75.18214, 39.95466 ] ],
[ [ -75.15812, 39.95173 ],
[ -75.16228, 39.95224 ],
[ -75.16247, 39.95235 ],
[ -75.16256, 39.95254 ],
[ -75.16246, 39.95313 ],
[ -75.16254, 39.95327 ],
[ -75.16383, 39.95349 ],
[ -75.16477, 39.95361 ] ],
[ [ -75.16477, 39.95361 ],
[ -75.17122, 39.95441 ] ] 
],
"Dir": [ "1", "1", "1", "1", "1" ] 
}
